aso_id,sequence,family,KD,is_wet,neg_dG_bind,neg_duplex_dG,logit_punp,target_gc_pm10,target_gc_pm30,seed_k5_hits,seed_k5_frac,seed_k6_hits,seed_k6_frac,rnaseh_heur,open_state_persist,Sequence,kmer5_PC1,kmer5_PC2,kmer5_PC3,kmer6_PC1,kmer6_PC2,kmer6_PC3
SODr/h146145,GTCGCCCTTCAGCACGCACA,SOD1,0.95,False,0.0,0.0,0.0,0.0,0.0,0,0.0,0,0.0,0.0,0.0,GTCGCCCTTCAGCACGCACA,-0.004904574014642646,0.02325407233432002,-0.10000296331884564,-0.005155370985711756,-0.002687341021802071,-0.018182021680329428
SODr/h333611,CCGTCGCCCTTCAGCACGCA,SOD1,0.8,False,0.0,0.0,0.0,0.0,0.0,0,0.0,0,0.0,0.0,0.0,CCGTCGCCCTTCAGCACGCA,-0.004904497379469919,0.023254033302708445,-0.1000030528366053,-0.005155465919101455,-0.002686998207155837,-0.01818191642436802
SODr146192,CTACAGTTTAGCAGGACAG,SOD1,0.95,False,0.0,0.0,0.0,0.0,0.0,0,0.0,0,0.0,0.0,0.0,CTACAGTTTAGCAGGACAG,0.03502987501252886,-0.0023661112158579376,-0.025262171449747357,-0.003053224149117232,-0.0012661462974572764,-0.009196856566600077
ASO1,CANGGNATACATTTCTACNAGNCT,SOD1,0.75,False,0.0,0.0,0.0,0.0,0.0,0,0.0,0,0.0,0.0,0.0,CANGGNATACATTTCTACNAGNCT,-0.13720665861622644,-0.10608675015011035,0.08410952413994933,-0.07331437064401528,-0.10100062135125466,0.12776272186154966
ASO2,TTNANATGTTTATCANGGNGAT,SOD1,0.6,False,0.0,0.0,0.0,0.0,0.0,0,0.0,0,0.0,0.0,0.0,TTNANATGTTTATCANGGNGAT,0.2755844364365678,-0.10725621472018428,0.07969704615568331,0.41009686219939695,0.0389865345532244,0.07020853035544518
ASO3,AGNGNGTTTAATGTTNTNATC,SOD1,0.6,False,0.0,0.0,0.0,0.0,0.0,0,0.0,0,0.0,0.0,0.0,AGNGNGTTTAATGTTNTNATC,0.2601090700259446,-0.11105822370553425,0.0856883256866238,-0.10383534219479479,0.4044601401669253,0.08244180116148438
Atxn2_ASO,CTTCACATTTCGATCCAACA,ATXN2,0.77,False,0.0,0.0,0.0,0.0,0.0,0,0.0,0,0.0,0.0,0.0,CTTCACATTTCGATCCAACA,-0.06861754295939727,-0.045240069836506094,0.02066841379446558,-0.03241768636706548,-0.042819881572888824,0.04722404708707767
ASO7,GTGGGATACAAATTCTAGGC,ATXN2,0.75,False,0.0,0.0,0.0,0.0,0.0,0,0.0,0,0.0,0.0,0.0,GTGGGATACAAATTCTAGGC,-0.02111716369567351,0.0014956110539702545,-0.041580671600593144,-0.003976107424047854,-0.0020870162624237443,-0.011415005344698614
ASO1,CCCGGCCCTAGCGCGCGAC,C9ORF72,0.6,False,0.0,0.0,0.0,0.0,0.0,0,0.0,0,0.0,0.0,0.0,CCCGGCCCTAGCGCGCGAC,-0.0031316859255818303,0.03166714348162562,-0.15940677857950344,-0.0050667806752178095,-0.0025093679603894366,-0.017584564975821664
ASO2,GCCTTACTCTAGGACCAAGA,C9ORF72,0.5,False,0.0,0.0,0.0,0.0,0.0,0,0.0,0,0.0,0.0,0.0,GCCTTACTCTAGGACCAAGA,-0.0017573712576592576,0.014731120501012418,-0.04431184955736943,-0.0035554235870516346,-0.0016071324297004012,-0.010242303389842198
ASO3,TGGTTAATCTTTATCAGGTC,C9ORF72,0.6,False,0.0,0.0,0.0,0.0,0.0,0,0.0,0,0.0,0.0,0.0,TGGTTAATCTTTATCAGGTC,0.06752332372840132,-0.016259447794918284,-0.007017833831266137,0.07664166617258127,0.007569941390085657,0.006234822238631123
ASO4,ACAGGCTGCGGTTGTTTCCC,C9ORF72,0.6,False,0.0,0.0,0.0,0.0,0.0,0,0.0,0,0.0,0.0,0.0,ACAGGCTGCGGTTGTTTCCC,0.015411493720298503,0.02534162254939087,-0.018071132168630655,-0.0031262084618704166,-0.0020805100181586107,-0.009458220448053958
ASO5,GCCCCTAGCGCGCGACTC,C9ORF72,0.77,False,0.0,0.0,0.0,0.0,0.0,0,0.0,0,0.0,0.0,0.0,GCCCCTAGCGCGCGACTC,-0.00301701789566119,0.03166338585179043,-0.1603603343523025,-0.005208039484451818,-0.0025667492650969918,-0.018209271196939686
ION363,GCAATGTCACCTTTCATACC,FUS,0.8,False,0.0,0.0,0.0,0.0,0.0,0,0.0,0,0.0,0.0,0.0,GCAATGTCACCTTTCATACC,0.004079099572304029,-0.0034598694867986513,-0.020291603872776242,-0.0028941462123775684,-0.0010716473670914371,-0.009227193969659635
rASO1,AGCCAAATTCTTATTTTC,STMN2,0.3,False,0.0,0.0,0.0,0.0,0.0,0,0.0,0,0.0,0.0,0.0,AGCCAAATTCTTATTTTC,-0.026747249030279037,-0.0010314075408039585,-0.046743586793080855,-0.007892019724368095,-0.0055267896615491426,-0.009456240334242175
rASO2,CACACAGAGAGCCAAATT,STMN2,0.4,False,0.0,0.0,0.0,0.0,0.0,0,0.0,0,0.0,0.0,0.0,CACACAGAGAGCCAAATT,-0.007215839923493677,0.015459917915155264,-0.06129352890918365,-0.00430228101732791,-0.003303066196839559,-0.012900188273922841
rASO3,ATTCATTTCTTCTTAGGC,STMN2,0.5,False,0.0,0.0,0.0,0.0,0.0,0,0.0,0,0.0,0.0,0.0,ATTCATTTCTTCTTAGGC,-0.12268919482612115,-0.09356379868172965,0.06997684369813262,-0.05808609731986401,-0.07853411726607211,0.09551185174144669
rASO4,TCACATTCATTTCTTCTT,STMN2,0.6,False,0.0,0.0,0.0,0.0,0.0,0,0.0,0,0.0,0.0,0.0,TCACATTCATTTCTTCTT,-0.14783966752665512,-0.11626578603527858,0.09492668957273578,-0.0692740128063509,-0.0949922625151635,0.1172404207824416
rASO5,CGCATTCACATTCATTTC,STMN2,0.8,False,0.0,0.0,0.0,0.0,0.0,0,0.0,0,0.0,0.0,0.0,CGCATTCACATTCATTTC,-0.13010468996976518,-0.10192577815794344,0.08407353110129645,-0.059924710783057264,-0.08251345155865093,0.10027672665139553
AR_ASO1,AAGTTGTAGTAGTGCG,AR,0.95,False,0.0,0.0,0.0,0.0,0.0,0,0.0,0,0.0,0.0,0.0,AAGTTGTAGTAGTGCG,-0.0009598303513402278,0.25363660781472835,0.14024949536651737,-0.018629700606599915,-0.010818310070119201,-0.2459343160702467
AR_ASO2,GTTGATTTATAGTGTTG,AR,0.95,False,0.0,0.0,0.0,0.0,0.0,0,0.0,0,0.0,0.0,0.0,GTTGATTTATAGTGTTG,0.023435515227261446,0.03037333470623558,-0.015293857612017524,-0.0032418394029872753,-0.0021268970183024715,-0.010978507134500054
AR_ASO3,AAGTTGTAGTAGTGCG,AR,0.6,False,0.0,0.0,0.0,0.0,0.0,0,0.0,0,0.0,0.0,0.0,AAGTTGTAGTAGTGCG,-0.0009598303513402278,0.25363660781472835,0.14024949536651737,-0.018629700606599915,-0.010818310070119201,-0.2459343160702467
