aso_id,sequence,family,KD,is_wet,neg_dG_bind,neg_duplex_dG,logit_punp,target_gc_pm10,target_gc_pm30,seed_k5_hits,seed_k5_frac,seed_k6_hits,seed_k6_frac,rnaseh_heur,open_state_persist,_split
SODr/h146145,GTCGCCCTTCAGCACGCACA,SOD1,0.95,False,0.0,0.0,0.0,0.0,0.0,0,0.0,0,0.0,0.0,0.0,train
SODr/h333611,CCGTCGCCCTTCAGCACGCA,SOD1,0.8,False,0.0,0.0,0.0,0.0,0.0,0,0.0,0,0.0,0.0,0.0,train
SODr146192,CTACAGTTTAGCAGGACAG,SOD1,0.95,False,0.0,0.0,0.0,0.0,0.0,0,0.0,0,0.0,0.0,0.0,train
ASO1,CANGGNATACATTTCTACNAGNCT,SOD1,0.75,False,0.0,0.0,0.0,0.0,0.0,0,0.0,0,0.0,0.0,0.0,train
ASO2,TTNANATGTTTATCANGGNGAT,SOD1,0.6,False,0.0,0.0,0.0,0.0,0.0,0,0.0,0,0.0,0.0,0.0,train
ASO3,AGNGNGTTTAATGTTNTNATC,SOD1,0.6,False,0.0,0.0,0.0,0.0,0.0,0,0.0,0,0.0,0.0,0.0,train
Atxn2_ASO,CTTCACATTTCGATCCAACA,ATXN2,0.77,False,0.0,0.0,0.0,0.0,0.0,0,0.0,0,0.0,0.0,0.0,train
ASO7,GTGGGATACAAATTCTAGGC,ATXN2,0.75,False,0.0,0.0,0.0,0.0,0.0,0,0.0,0,0.0,0.0,0.0,train
ASO1,CCCGGCCCTAGCGCGCGAC,C9ORF72,0.6,False,0.0,0.0,0.0,0.0,0.0,0,0.0,0,0.0,0.0,0.0,train
ASO2,GCCTTACTCTAGGACCAAGA,C9ORF72,0.5,False,0.0,0.0,0.0,0.0,0.0,0,0.0,0,0.0,0.0,0.0,train
ASO3,TGGTTAATCTTTATCAGGTC,C9ORF72,0.6,False,0.0,0.0,0.0,0.0,0.0,0,0.0,0,0.0,0.0,0.0,train
ASO4,ACAGGCTGCGGTTGTTTCCC,C9ORF72,0.6,False,0.0,0.0,0.0,0.0,0.0,0,0.0,0,0.0,0.0,0.0,train
ASO5,GCCCCTAGCGCGCGACTC,C9ORF72,0.77,False,0.0,0.0,0.0,0.0,0.0,0,0.0,0,0.0,0.0,0.0,train
ION363,GCAATGTCACCTTTCATACC,FUS,0.8,False,0.0,0.0,0.0,0.0,0.0,0,0.0,0,0.0,0.0,0.0,train
rASO1,AGCCAAATTCTTATTTTC,STMN2,0.3,False,0.0,0.0,0.0,0.0,0.0,0,0.0,0,0.0,0.0,0.0,train
rASO2,CACACAGAGAGCCAAATT,STMN2,0.4,False,0.0,0.0,0.0,0.0,0.0,0,0.0,0,0.0,0.0,0.0,train
rASO3,ATTCATTTCTTCTTAGGC,STMN2,0.5,False,0.0,0.0,0.0,0.0,0.0,0,0.0,0,0.0,0.0,0.0,train
rASO4,TCACATTCATTTCTTCTT,STMN2,0.6,False,0.0,0.0,0.0,0.0,0.0,0,0.0,0,0.0,0.0,0.0,train
rASO5,CGCATTCACATTCATTTC,STMN2,0.8,False,0.0,0.0,0.0,0.0,0.0,0,0.0,0,0.0,0.0,0.0,train
AR_ASO1,AAGTTGTAGTAGTGCG,AR,0.95,False,0.0,0.0,0.0,0.0,0.0,0,0.0,0,0.0,0.0,0.0,train
AR_ASO2,GTTGATTTATAGTGTTG,AR,0.95,False,0.0,0.0,0.0,0.0,0.0,0,0.0,0,0.0,0.0,0.0,train
AR_ASO3,AAGTTGTAGTAGTGCG,AR,0.6,False,0.0,0.0,0.0,0.0,0.0,0,0.0,0,0.0,0.0,0.0,train
19,TCTCTAACCCATCAGCACAA,DAZ,0.3297144428999999,True,0.0,0.0,0.0,0.0,0.0,0,0.0,0,0.0,0.0,0.0,val
20,CTCTAACCCATCAGCACAAT,DAZ,0.2088619018999999,True,0.0,0.0,0.0,0.0,0.0,0,0.0,0,0.0,0.0,0.0,val
21,CAGAACCACAACGTGCAAGG,DAZ,0.2656134235999999,True,0.0,0.0,0.0,0.0,0.0,0,0.0,0,0.0,0.0,0.0,val
22,AGAACCACAACGTGCAAGGG,DAZ,0.2498379009,True,0.0,0.0,0.0,0.0,0.0,0,0.0,0,0.0,0.0,0.0,val
23,GAACCACAACGTGCAAGGGT,DAZ,0.2654943136,True,0.0,0.0,0.0,0.0,0.0,0,0.0,0,0.0,0.0,0.0,val
24,AAGCCACTCAAGTCCTGCCC,DAZ,0.2918373244,True,0.0,0.0,0.0,0.0,0.0,0,0.0,0,0.0,0.0,0.0,val
8,ATTCCGAAAGAATGGTCACA,FAM,0.3757914482,True,0.0,0.0,0.0,0.0,0.0,0,0.0,0,0.0,0.0,0.0,val
10,TGAGTGTGCCCATGAGTGTC,FAM,0.488319693,True,0.0,0.0,0.0,0.0,0.0,0,0.0,0,0.0,0.0,0.0,val
